{
  "run_id": "phase5_5c_rope64",
  "timestamp": "2026-04-25T22:23:20.560895+00:00",
  "seed": 42,
  "config": {
    "corpus": [
      "corpus/dailydialog_tiny.txt",
      "corpus/11_alice_s_adventures_in_wonderland.txt"
    ],
    "holdout": [
      "corpus/35_the_time_machine.txt"
    ],
    "epochs": 2,
    "batch_size": 128,
    "context_size": 64,
    "n_ponder_train": 3,
    "n_ponder_eval": 3,
    "max_sequences": null,
    "use_lti": false,
    "use_loop_idx": false,
    "use_lora": false,
    "use_rope": true
  },
  "param_count": 19263489,
  "flops_per_token": 1572864,
  "train_loss_curve": [
    2.199973,
    1.760674,
    1.526115,
    1.326043,
    1.259142,
    1.203909,
    1.191345,
    1.176536,
    1.173539,
    1.165767,
    1.174499,
    1.179382,
    1.158138,
    1.157056
  ],
  "grad_norm_p50": 0.179304,
  "grad_norm_p99": 0.534362,
  "ponder_steps_hist": {
    "3": 1328
  },
  "wall_time_train": 446.68,
  "wall_time_eval": 15.01,
  "eval_cosine_top1": 5.0,
  "eval_cosine_mean": 0.06687938563758507,
  "eval_perp_proxy": 7.268665609359741
}