{
  "run_id": "phase2_2ab_loopidx32",
  "timestamp": "2026-04-25T21:58:30.316170+00:00",
  "seed": 42,
  "config": {
    "corpus": [
      "corpus/dailydialog_tiny.txt",
      "corpus/11_alice_s_adventures_in_wonderland.txt"
    ],
    "holdout": [
      "corpus/35_the_time_machine.txt"
    ],
    "epochs": 2,
    "batch_size": 128,
    "context_size": 32,
    "n_ponder_train": 3,
    "n_ponder_eval": 3,
    "max_sequences": null,
    "use_lti": false,
    "use_loop_idx": true,
    "use_lora": false,
    "use_rope": false
  },
  "param_count": 19255297,
  "flops_per_token": 786432,
  "train_loss_curve": [
    2.219605,
    1.76556,
    1.524486,
    1.322506,
    1.257329,
    1.20835,
    1.189792,
    1.176881,
    1.175031,
    1.168741,
    1.176762,
    1.180876,
    1.159252,
    1.157742
  ],
  "grad_norm_p50": 0.185006,
  "grad_norm_p99": 0.584868,
  "ponder_steps_hist": {
    "3": 1328
  },
  "wall_time_train": 309.07,
  "wall_time_eval": 4.99,
  "eval_cosine_top1": 5.0,
  "eval_cosine_mean": 0.0671455369759351,
  "eval_perp_proxy": 7.268680072784424
}