{
  "run_id": "phase1_1cd_full",
  "timestamp": "2026-04-25T21:47:59.499187+00:00",
  "seed": 42,
  "config": {
    "corpus": [
      "corpus/dailydialog_tiny.txt",
      "corpus/11_alice_s_adventures_in_wonderland.txt"
    ],
    "holdout": [
      "corpus/35_the_time_machine.txt"
    ],
    "epochs": 2,
    "batch_size": 128,
    "context_size": 32,
    "n_ponder_train": 3,
    "n_ponder_eval": 3,
    "max_sequences": null,
    "use_lti": true,
    "use_loop_idx": false,
    "use_lora": false,
    "use_rope": false
  },
  "param_count": 19255554,
  "flops_per_token": 786432,
  "train_loss_curve": [
    2.223925,
    1.764974,
    1.524618,
    1.322369,
    1.256575,
    1.207809,
    1.18928,
    1.176452,
    1.17466,
    1.168407,
    1.176581,
    1.180768,
    1.159114,
    1.157582
  ],
  "grad_norm_p50": 0.182529,
  "grad_norm_p99": 0.572407,
  "ponder_steps_hist": {
    "3": 1328
  },
  "wall_time_train": 319.16,
  "wall_time_eval": 5.4,
  "eval_cosine_top1": 5.0,
  "eval_cosine_mean": 0.0676888774796389,
  "eval_perp_proxy": 7.268140748977661
}